Model,Overall_MB_Core,Overall_MB_Plus,Num_Families
DeepSeek V3.1,0.8342048619579161,0.6555606193998545,5
GPT-4o,0.7778151132375325,0.5655130060632476,5
Llama 4 Instruct,0.644076550690429,0.4329490835596176,5
Mixtral 8×7B,0.36022629843086434,0.2805218566784342,5
Qwen3 235B Instruct,0.782013913698485,0.5762114105601712,5
